{"v":3,"stories":{"pdf-how-it-work--docs":{"id":"pdf-how-it-work--docs","title":"Pdf/How it work","name":"Docs","importPath":"./src/stories/Introduction.stories.mdx","tags":["stories-mdx","stories-mdx-docsOnly","docs"],"storiesImports":[],"kind":"Pdf/How it work","story":"Docs","parameters":{"__id":"pdf-how-it-work--docs","docsOnly":true,"fileName":"./src/stories/Introduction.stories.mdx"}},"pdf-primary--primary":{"id":"pdf-primary--primary","name":"Primary","title":"Pdf/Primary","importPath":"./src/stories/pdf.stories.ts","tags":["story"],"kind":"Pdf/Primary","story":"Primary","parameters":{"__id":"pdf-primary--primary","docsOnly":false,"fileName":"./src/stories/pdf.stories.ts"}}}}
